day,post_text,link,image_suggestion
1,"I built something. Dreamstack lets you describe an app in one sentence and watch AI build it for you — no code, no setup. Type ""a tip calculator that splits the bill"" and 90 seconds later it's a real app you can send to anyone. Free to try.",https://dreamstack-ai.netlify.app,Screen recording of a build start to finish
2,"Someone asked what it can actually make. Here are three real ones: a hydraulic hose repair company site, a peptide dosage calculator, and a 6-week fitness program page. Three completely different businesses. Three sentences.",https://dreamstack-ai.netlify.app/gallery,Side-by-side screenshots of the three apps
3,"The bit people don't expect: you watch it being built. The code scrolls past in real time. It feels less like filling in a form and more like watching someone work for you.",https://dreamstack-ai.netlify.app,Screenshot of the build console mid-build
4,"Comment an app you wish existed and I'll build it today. Anything — a tracker, a calculator, a game, a tool for your business. I'll reply with a working link you can use.",,Simple text post or a bold graphic
5,"Don't like something it made? Just say so. ""Make it dark green."" ""Add a leaderboard."" ""Bigger buttons."" It rebuilds around your change. No settings, no menus — you just talk to it.",https://dreamstack-ai.netlify.app,Before/after screenshots of an edit
6,"Small business owners: the tool you keep wishing you had probably takes 2 minutes now. Booking form, price calculator, service checklist, quote builder. Describe it, get it, share the link with customers.",https://dreamstack-ai.netlify.app,A business-style app screenshot
7,"Every app you make gets its own link instantly. No hosting to set up, no deploy button, nothing to install. Send it to your mum and it just opens on her phone.",https://dreamstack-ai.netlify.app,Phone screenshot of a shared app
8,"New gallery is live — real apps people built, and you can Remix any of them into your own copy and change whatever you want.",https://dreamstack-ai.netlify.app/gallery,Gallery page screenshot
9,"I made this because small ideas kept dying in the gap where you'd need a developer for something that should take minutes. That gap shouldn't exist any more.",https://dreamstack-ai.netlify.app,The Dreamstack link preview card
10,"Free to try — a couple of builds on the house, no card needed. If you've ever thought ""there should be an app for that"", now there can be.",https://dreamstack-ai.netlify.app,Screen recording of a build
11,"Teachers, coaches and trainers: quiz games, progress trackers, workout timers, flashcards. Describe what your students or clients need and hand them a link the same day.",https://dreamstack-ai.netlify.app,An education-style app screenshot
12,"Still my favourite part — you can download any app you make as a single file. It's yours forever, works offline, runs anywhere. No lock-in.",https://dreamstack-ai.netlify.app,Screenshot of the download button
13,"What would you build if making an app took one sentence and two minutes? Genuinely curious — tell me below.",https://dreamstack-ai.netlify.app,Simple text post
14,"Round two: comment an app and I'll build it. Last time I made [X] of them. Fire away.",,Text post or a grid of previous builds
